marivÃ­ rodrÃ­guez dÃ­a;13:55;13/11/2019;RT @vichycatalan: Hoy es #miÃ© coles y toca #SORTEO  â¡ï¸ AyÃºdanos a consegui  400 RT de este tuit â¡ï¸ SÃ­guenos  â¡ï¸ Y ent a Ã¡ en el so teo de uâ€¦
Aldin Stewart;13:55;13/11/2019;RT @Co onadeolivo: âš So teoâš  Â¡Imp esionante!ğŸ™‹â€â™€ï¸ğŸ™‹â€â™‚ï¸nuest a CESTA Regalo Gigante:    âœ… SÃ­guenos    âœ… Haz RT ğŸ” y FAV â™¥    âœ… Menciona a un amiâ€¦
Rakelilla;13:55;13/11/2019;RT @DocPasto : Â¡Fans de #EltonJohn! Â¿Que Ã©is lleva os #Rocketman ğŸš€ğŸš€ğŸš€ğŸš€ğŸš€ğŸš€ en Blu- ay? Pues dent o #so teo (g acias a @pa amount_spain @SonyPiâ€¦
Mariposa Negra;13:55;13/11/2019;RT @P oGamesTM: ğŸ’¥ğŸ#SORTEO DE PACK GAMINGğŸ’¥  ğŸ”¹(Teclado Cascos Mando Mouse Alfomb illa)  â¡Pa a pa ticipa : Haz RTğŸ”  Sigue: @P oGamesTM y a @gwâ€¦
XuskyAlvaro;13:55;13/11/2019;RT @SelectaVision: ğŸš¨Â¡#SORTEO ONE PIECE ESTAMPIDA!ğŸš¨  Â¡So teamos una figu a de #Luffy + una toalla exclusiva de #OnePiece Estampida! Solo tieâ€¦
Alejo LÃ³pez;13:55;13/11/2019;RT @SelectaVision: ğŸš¨Â¡#SORTEO ONE PIECE ESTAMPIDA!ğŸš¨  Â¡So teamos una figu a de #Luffy + una toalla exclusiva de #OnePiece Estampida! Solo tieâ€¦
Alex;13:54;13/11/2019;RT @Co onadeolivo: âš So teoâš  Â¡Imp esionante!ğŸ™‹â€â™€ï¸ğŸ™‹â€â™‚ï¸nuest a CESTA Regalo Gigante:    âœ… SÃ­guenos    âœ… Haz RT ğŸ” y FAV â™¥    âœ… Menciona a un amiâ€¦
JMğŸ‡¨ğŸ‡´ğŸ‡¨ğŸ‡´;13:54;13/11/2019;RT @EGInfo matico: Â¡NUEVO #SORTEO ğŸ!  Esta vez puedes lleva te los fantÃ¡sticos au icula es AUKEY EP-B80 ğŸ§  pa a pa ticipa  haz lo siguienteâ€¦
JesÃºs MalagÃ³n;13:54;13/11/2019;RT @EGInfo matico: Â¡NUEVO #SORTEO ğŸ!  Esta vez puedes lleva te los fantÃ¡sticos au icula es AUKEY EP-B80 ğŸ§  pa a pa ticipa  haz lo siguienteâ€¦
Sobebrio;13:53;13/11/2019;RT @SelectaVision: ğŸš¨Â¡#SORTEO ONE PIECE ESTAMPIDA!ğŸš¨  Â¡So teamos una figu a de #Luffy + una toalla exclusiva de #OnePiece Estampida! Solo tieâ€¦
Queen Patata ğŸ’™ğŸ¦;13:53;13/11/2019;RT @SelectaVision: ğŸš¨Â¡#SORTEO ONE PIECE ESTAMPIDA!ğŸš¨  Â¡So teamos una figu a de #Luffy + una toalla exclusiva de #OnePiece Estampida! Solo tieâ€¦
Javier Granada;13:53;13/11/2019;RT @sekkyoku: âœ¨Â¡Â¡SORTEO!!âœ¨ G acias a Altaya y Planeta DeAgostini os t aemos el #SORTEO de 3 p ime as ent egas con las 3 figu as de la colecâ€¦
Jesus B;13:53;13/11/2019;RT @vichycatalan: Hoy es #miÃ© coles y toca #SORTEO  â¡ï¸ AyÃºdanos a consegui  400 RT de este tuit â¡ï¸ SÃ­guenos  â¡ï¸ Y ent a Ã¡ en el so teo de uâ€¦
MÂª VICTORIA MARTOS;13:53;13/11/2019;RT @EGInfo matico: Â¡NUEVO #SORTEO ğŸ!  Esta vez puedes lleva te los fantÃ¡sticos au icula es AUKEY EP-B80 ğŸ§  pa a pa ticipa  haz lo siguienteâ€¦
Hendrick;13:53;13/11/2019;RT @EGInfo matico: Â¡NUEVO #SORTEO ğŸ!  Esta vez puedes lleva te los fantÃ¡sticos au icula es AUKEY EP-B80 ğŸ§  pa a pa ticipa  haz lo siguienteâ€¦
Caasi Zenemig;13:53;13/11/2019;RT @SelectaVision: ğŸš¨Â¡#SORTEO ONE PIECE ESTAMPIDA!ğŸš¨  Â¡So teamos una figu a de #Luffy + una toalla exclusiva de #OnePiece Estampida! Solo tieâ€¦
Manuel Vela;13:52;13/11/2019;RT @Heliosesvida: Â¿Te gusta Ã­a gana  una batido a amasado a pa a  eposte Ã­a ğŸ°ğŸ¥§ğŸ©ğŸª como la que apa ece en la imagen? Muy fÃ¡cil  pa a pa ticipâ€¦
ğŸ”» RansilFTWğŸ—ï¸ ğŸŒ‹;13:52;13/11/2019;RT @SelectaVision: ğŸš¨Â¡#SORTEO ONE PIECE ESTAMPIDA!ğŸš¨  Â¡So teamos una figu a de #Luffy + una toalla exclusiva de #OnePiece Estampida! Solo tieâ€¦
ğŸ¨â¤ï¸;13:52;13/11/2019;RT @cafesaulabcn: Â¡NUEVO #SORTEO! Â¡So teamos 1 kit de cÃ¡psulas de #cafÃ© compatibles con #Nesp esso de P emium O iginal  #EcolÃ³gico y Descafâ€¦
Siferval;13:52;13/11/2019;RT @SelectaVision: ğŸš¨Â¡#SORTEO ONE PIECE ESTAMPIDA!ğŸš¨  Â¡So teamos una figu a de #Luffy + una toalla exclusiva de #OnePiece Estampida! Solo tieâ€¦
helena martÃ­nez rom;13:52;13/11/2019;RT @vichycatalan: Hoy es #miÃ© coles y toca #SORTEO  â¡ï¸ AyÃºdanos a consegui  400 RT de este tuit â¡ï¸ SÃ­guenos  â¡ï¸ Y ent a Ã¡ en el so teo de uâ€¦
ğŸ¨â¤ï¸;13:52;13/11/2019;RT @vichycatalan: Hoy es #miÃ© coles y toca #SORTEO  â¡ï¸ AyÃºdanos a consegui  400 RT de este tuit â¡ï¸ SÃ­guenos  â¡ï¸ Y ent a Ã¡ en el so teo de uâ€¦
Emilio Starr;13:51;13/11/2019;RT @vichycatalan: Hoy es #miÃ© coles y toca #SORTEO  â¡ï¸ AyÃºdanos a consegui  400 RT de este tuit â¡ï¸ SÃ­guenos  â¡ï¸ Y ent a Ã¡ en el so teo de uâ€¦
Rakelilla;13:51;13/11/2019;RT @Heliosesvida: Â¿Te gusta Ã­a gana  una batido a amasado a pa a  eposte Ã­a ğŸ°ğŸ¥§ğŸ©ğŸª como la que apa ece en la imagen? Muy fÃ¡cil  pa a pa ticipâ€¦
ğŸŒ±MonAnağŸŒ±;13:51;13/11/2019;RT @SelectaVision: ğŸš¨Â¡#SORTEO ONE PIECE ESTAMPIDA!ğŸš¨  Â¡So teamos una figu a de #Luffy + una toalla exclusiva de #OnePiece Estampida! Solo tieâ€¦
ğŸ¨â¤ï¸;13:51;13/11/2019;RT @EGInfo matico: Â¡NUEVO #SORTEO ğŸ!  Esta vez puedes lleva te los fantÃ¡sticos au icula es AUKEY EP-B80 ğŸ§  pa a pa ticipa  haz lo siguienteâ€¦
Gongol Design;13:51;13/11/2019;RT @sekkyoku: âœ¨Â¡Â¡SORTEO!!âœ¨ G acias a Altaya y Planeta DeAgostini os t aemos el #SORTEO de 3 p ime as ent egas con las 3 figu as de la colecâ€¦
Eme C.;13:51;13/11/2019;RT @vichycatalan: Hoy es #miÃ© coles y toca #SORTEO  â¡ï¸ AyÃºdanos a consegui  400 RT de este tuit â¡ï¸ SÃ­guenos  â¡ï¸ Y ent a Ã¡ en el so teo de uâ€¦
Shirohige;13:50;13/11/2019;RT @SelectaVision: ğŸš¨Â¡#SORTEO ONE PIECE ESTAMPIDA!ğŸš¨  Â¡So teamos una figu a de #Luffy + una toalla exclusiva de #OnePiece Estampida! Solo tieâ€¦
Raul Betis;13:50;13/11/2019;RT @vichycatalan: Hoy es #miÃ© coles y toca #SORTEO  â¡ï¸ AyÃºdanos a consegui  400 RT de este tuit â¡ï¸ SÃ­guenos  â¡ï¸ Y ent a Ã¡ en el so teo de uâ€¦
PIRIMAN_san997;13:50;13/11/2019;RT @enniacD: Es a  iesgado  lo se... pe o si este tweet llega a 21  t este mes so teo una tablet #so teo #tech https://t.co/p9kn4M2u23
lady midnight ğŸ’;13:50;13/11/2019;RT @SelectaVision: ğŸš¨Â¡#SORTEO ONE PIECE ESTAMPIDA!ğŸš¨  Â¡So teamos una figu a de #Luffy + una toalla exclusiva de #OnePiece Estampida! Solo tieâ€¦
Maineimisnaim;13:50;13/11/2019;RT @B4GamingES: Â¡Â¡Â¡BUENOS DÃAS CHICOS COMO ESTÃIS!!!  NOSOTROS ESTAMOS DE BUEN HUMOR  POR ESO AQUÃ ESTÃ EL...   [#SORTEO]  Requisitos: -Da â€¦
Federico perez;13:50;13/11/2019;RT @SelectaVision: ğŸš¨Â¡#SORTEO ONE PIECE ESTAMPIDA!ğŸš¨  Â¡So teamos una figu a de #Luffy + una toalla exclusiva de #OnePiece Estampida! Solo tieâ€¦
Santiago;13:49;13/11/2019;RT @iChu  ox: ğŸ¤© #SORTEO ğŸ¤©  â€¢[Requisitos]â€¢ -Segui me: @iChu  ox  -Segui  a: @El_Mol0  -DAR RT ğŸ” &amp  LIKE â¤ï¸ -Etiqueta  2 amigos ğŸš»  â€¢[P emios]â€¢â€¦
yahara;13:49;13/11/2019;RT @GusanitosByRisi: ğŸ’ƒ SUPERSORTEO DE UN LOTE DE GUSANITOSğŸ•º Es muy fÃ¡cil  solo tienes que:  1ï¸âƒ£  SÃ­guenos 2ï¸âƒ£  RT ğŸ” y FAV 3ï¸âƒ£  Menciona a 2â€¦
Javier Granada;13:49;13/11/2019;RT @SelectaVision: ğŸš¨Â¡#SORTEO ONE PIECE ESTAMPIDA!ğŸš¨  Â¡So teamos una figu a de #Luffy + una toalla exclusiva de #OnePiece Estampida! Solo tieâ€¦
jin hao;13:49;13/11/2019;RT @SelectaVision: âœ¨Â¡#SORTEO ONE PIECE ESTAMPIDA!âœ¨  Â¿Quie es esta #FunkoPop de Nami + el Blu-Ray coleccionista de #OnePiece GOLD? Solo tienâ€¦
Patricia Alonso;13:49;13/11/2019;RT @SelectaVision: ğŸš¨Â¡#SORTEO ONE PIECE ESTAMPIDA!ğŸš¨  Â¡So teamos una figu a de #Luffy + una toalla exclusiva de #OnePiece Estampida! Solo tieâ€¦
SORTEA+;13:49;13/11/2019;RT @vichycatalan: Hoy es #miÃ© coles y toca #SORTEO  â¡ï¸ AyÃºdanos a consegui  400 RT de este tuit â¡ï¸ SÃ­guenos  â¡ï¸ Y ent a Ã¡ en el so teo de uâ€¦
Rakelilla;13:49;13/11/2019;RT @La ousse_ESP: ğŸ” NUEVO #SORTEOğŸ” Â¿Quie es estos dos lib os de enigmas pa a niÃ±os a pa ti  de 8 aÃ±os? Â¡Pa ticipa! 1ï¸âƒ£SÃ­guenos en  edes 2ï¸âƒ£â€¦
GetsGamingAM;13:49;13/11/2019;RT @GetsGamingAM: â¹ğŸ[#SORTEO EXPRESS]ğŸâ¹  â© 1 CODIGO STEAMâª  âºREQUISITOS: â€¢ Da  RTğŸ” â€¢ Segui  a https://t.co/VP8bACStjJ â€¢ Da  RT a https://t.â€¦
LokyakiğŸŒ¸;13:49;13/11/2019;RT @SelectaVision: âœ¨Â¡#SORTEO ONE PIECE ESTAMPIDA!âœ¨  Â¿Quie es esta #FunkoPop de Nami + el Blu-Ray coleccionista de #OnePiece GOLD? Solo tienâ€¦
Reme;13:49;13/11/2019;RT @EGInfo matico: Â¡NUEVO #SORTEO ğŸ!  Esta vez puedes lleva te los fantÃ¡sticos au icula es AUKEY EP-B80 ğŸ§  pa a pa ticipa  haz lo siguienteâ€¦
AroaOsuna1;13:49;13/11/2019;RT @Heliosesvida: Â¿Te gusta Ã­a gana  una batido a amasado a pa a  eposte Ã­a ğŸ°ğŸ¥§ğŸ©ğŸª como la que apa ece en la imagen? Muy fÃ¡cil  pa a pa ticipâ€¦
angel lopez silva;13:49;13/11/2019;RT @sekkyoku: âœ¨Â¡Â¡SORTEO!!âœ¨ G acias a Altaya y Planeta DeAgostini os t aemos el #SORTEO de 3 p ime as ent egas con las 3 figu as de la colecâ€¦
Gareth;13:48;13/11/2019;RT @LyveRaffle: AK-47 | Neon Ride  - #CSGO ğŸ  â° Follow Us â° Retweet This Tweet â° Tag 2 F iends  Ends In 4 days - Good luck â° #CSGOGiveawayâ€¦
ğ—¡ğ—¼ğ˜ƒğ—²ğ—±ğ—®ğ—±ğ—²ğ˜€ ğ—”ğ—»ğ—¶ğ—ºğ—²;13:48;13/11/2019;RT @SelectaVision: ğŸš¨Â¡#SORTEO ONE PIECE ESTAMPIDA!ğŸš¨  Â¡So teamos una figu a de #Luffy + una toalla exclusiva de #OnePiece Estampida! Solo tieâ€¦
DarkAngel89;13:48;13/11/2019;RT @sekkyoku: âœ¨Â¡Â¡SORTEO!!âœ¨ G acias a Altaya y Planeta DeAgostini os t aemos el #SORTEO de 3 p ime as ent egas con las 3 figu as de la colecâ€¦
Rakelilla;13:48;13/11/2019;RT @La ousse_ESP: ğŸ” NUEVO #SORTEOğŸ” Â¿Quie es estos dos lib os de enigmas pa a niÃ±os a pa ti  de 8 aÃ±os? Â¡Pa ticipa! 1ï¸âƒ£SÃ­guenos en  edes 2ï¸âƒ£â€¦
Noelia Garcia;13:48;13/11/2019;RT @P oGamesTM: ğŸ’¥ğŸ#SORTEO DE PACK GAMINGğŸ’¥  ğŸ”¹(Teclado Cascos Mando Mouse Alfomb illa)  â¡Pa a pa ticipa : Haz RTğŸ”  Sigue: @P oGamesTM y a @gwâ€¦
Fran;13:48;13/11/2019;RT @SelectaVision: ğŸš¨Â¡#SORTEO ONE PIECE ESTAMPIDA!ğŸš¨  Â¡So teamos una figu a de #Luffy + una toalla exclusiva de #OnePiece Estampida! Solo tieâ€¦
jin hao;13:47;13/11/2019;RT @SelectaVision: ğŸš¨Â¡#SORTEO ONE PIECE ESTAMPIDA!ğŸš¨  Â¡So teamos una figu a de #Luffy + una toalla exclusiva de #OnePiece Estampida! Solo tieâ€¦
V a l e ğŸ‡¨ğŸ‡´;13:47;13/11/2019;RT @LaliEsposAO: #So teo po  un pase pa a fo ma  pa te de la t ibuna de Susana GimÃ©nez . ğŸ“Pa a pa ticipa : SeguÃ­ nuest a cuenta @laliesposaâ€¦
Pirate Trainer;13:47;13/11/2019;RT @SelectaVision: ğŸš¨Â¡#SORTEO ONE PIECE ESTAMPIDA!ğŸš¨  Â¡So teamos una figu a de #Luffy + una toalla exclusiva de #OnePiece Estampida! Solo tieâ€¦
Elena;13:47;13/11/2019;RT @SelectaVision: ğŸš¨Â¡#SORTEO ONE PIECE ESTAMPIDA!ğŸš¨  Â¡So teamos una figu a de #Luffy + una toalla exclusiva de #OnePiece Estampida! Solo tieâ€¦
La Pueblerina;13:47;13/11/2019;RT @MaC iss: Hoy es #miÃ© coles  #SORTEO #so teovichy #vichycatalan  #so teo #Mie colesdeSo teo @JekaPue tas ğŸ‘ğŸ¼ğŸ‘ğŸ¼ğŸ‘ğŸ¼ğŸ‰ğŸ‰ğŸ‰ https://t.co/6MI3qKfmâ€¦
Manzi;13:47;13/11/2019;RT @SelectaVision: âœ¨Â¡#SORTEO ONE PIECE ESTAMPIDA!âœ¨  Â¿Quie es esta #FunkoPop de Nami + el Blu-Ray coleccionista de #OnePiece GOLD? Solo tienâ€¦
ãƒªãƒªâ¤;13:46;13/11/2019;RT @SelectaVision: ğŸš¨Â¡#SORTEO ONE PIECE ESTAMPIDA!ğŸš¨  Â¡So teamos una figu a de #Luffy + una toalla exclusiva de #OnePiece Estampida! Solo tieâ€¦
Andrea GarcÃ­a;13:46;13/11/2019;RT @SelectaVision: ğŸš¨Â¡#SORTEO ONE PIECE ESTAMPIDA!ğŸš¨  Â¡So teamos una figu a de #Luffy + una toalla exclusiva de #OnePiece Estampida! Solo tieâ€¦
kike garcia;13:46;13/11/2019;RT @chestiemakeup: â™¥ï¸LARGAMOS #SORTEOâ™¥ï¸  Requisitos:  - Segui nos en Twitte  e Instag am (link en nuest o pe fil) - Da  RT ğŸ”„  Y listo! Ya eâ€¦
Carlos Bonfill;13:46;13/11/2019;RT @B4GamingES: Â¡Â¡Â¡BUENOS DÃAS CHICOS COMO ESTÃIS!!!  NOSOTROS ESTAMOS DE BUEN HUMOR  POR ESO AQUÃ ESTÃ EL...   [#SORTEO]  Requisitos: -Da â€¦
yahara;13:46;13/11/2019;RT @P oGamesTM: ğŸ’¥ğŸ#SORTEO DE PACK GAMINGğŸ’¥  ğŸ”¹(Teclado Cascos Mando Mouse Alfomb illa)  â¡Pa a pa ticipa : Haz RTğŸ”  Sigue: @P oGamesTM y a @gwâ€¦
Rakelilla;13:46;13/11/2019;RT @ama as_cine: El #AmigoInvisibleCinÃ©filo3 ya estÃ¡ aquÃ­ (+ info en https://t.co/mTf1FS4CwK )  Â¡Y t aemos 1e  #SORTEO de celeb aciÃ³n  Â¡Unâ€¦
Rustiko;13:46;13/11/2019;RT @SelectaVision: ğŸš¨Â¡#SORTEO ONE PIECE ESTAMPIDA!ğŸš¨  Â¡So teamos una figu a de #Luffy + una toalla exclusiva de #OnePiece Estampida! Solo tieâ€¦
iane LÃ³pez;13:46;13/11/2019;RT @LaliEsposAO: #So teo po  un pase pa a fo ma  pa te de la t ibuna de Susana GimÃ©nez . ğŸ“Pa a pa ticipa : SeguÃ­ nuest a cuenta @laliesposaâ€¦
Markeloff idle-empire.com;13:46;13/11/2019;RT @LyveRaffle: AK-47 | Neon Ride  - #CSGO ğŸ  â° Follow Us â° Retweet This Tweet â° Tag 2 F iends  Ends In 4 days - Good luck â° #CSGOGiveawayâ€¦
Hache.;13:46;13/11/2019;RT @Heliosesvida: Â¿Te gusta Ã­a gana  una batido a amasado a pa a  eposte Ã­a ğŸ°ğŸ¥§ğŸ©ğŸª como la que apa ece en la imagen? Muy fÃ¡cil  pa a pa ticipâ€¦
tempname;13:45;13/11/2019;RT @SelectaVision: ğŸš¨Â¡#SORTEO ONE PIECE ESTAMPIDA!ğŸš¨  Â¡So teamos una figu a de #Luffy + una toalla exclusiva de #OnePiece Estampida! Solo tieâ€¦
CGorbe;13:45;13/11/2019;RT @SelectaVision: ğŸš¨Â¡#SORTEO ONE PIECE ESTAMPIDA!ğŸš¨  Â¡So teamos una figu a de #Luffy + una toalla exclusiva de #OnePiece Estampida! Solo tieâ€¦
Ruforumbero;13:45;13/11/2019;RT @EGInfo matico: Â¡NUEVO #SORTEO ğŸ!  Esta vez puedes lleva te los fantÃ¡sticos au icula es AUKEY EP-B80 ğŸ§  pa a pa ticipa  haz lo siguienteâ€¦
Marcos Pellico;13:45;13/11/2019;RT @SelectaVision: ğŸš¨Â¡#SORTEO ONE PIECE ESTAMPIDA!ğŸš¨  Â¡So teamos una figu a de #Luffy + una toalla exclusiva de #OnePiece Estampida! Solo tieâ€¦
parador08;13:45;13/11/2019;RT @ICIOUMH: âš ï¸ NUEVO #Ace tiCIOâš ï¸  Que emos celeb a  el nacimiento de #Yoda bebÃ© en la se ie #TheMandalo ian con este nuevo #ace tijo de #â€¦
Lampreaman ğŸ—ï¸ğŸ—ï¸;13:45;13/11/2019;RT @ave_ciencia: âš ï¸Â¡ATENCIÃ“N!âš ï¸ So teamos un lib o del divulgado  cientÃ­fico @jmmulet  Â¿CÃ³mo pa ticipa ? Muy fÃ¡cil:      1. RT ğŸ” y  Me gustâ€¦
Alejandro GarcÃ­a ğŸ’¯;13:45;13/11/2019;RT @SelectaVision: ğŸš¨Â¡#SORTEO ONE PIECE ESTAMPIDA!ğŸš¨  Â¡So teamos una figu a de #Luffy + una toalla exclusiva de #OnePiece Estampida! Solo tieâ€¦
Joel;13:45;13/11/2019;RT @SelectaVision: ğŸš¨Â¡#SORTEO ONE PIECE ESTAMPIDA!ğŸš¨  Â¡So teamos una figu a de #Luffy + una toalla exclusiva de #OnePiece Estampida! Solo tieâ€¦
Sr.Smuffy :);13:45;13/11/2019;RT @SelectaVision: ğŸš¨Â¡#SORTEO ONE PIECE ESTAMPIDA!ğŸš¨  Â¡So teamos una figu a de #Luffy + una toalla exclusiva de #OnePiece Estampida! Solo tieâ€¦
Requetecompetidora;13:45;13/11/2019;RT @fo olib o_com: ğŸ“¢#SORTEOğŸ“¢ğŸ€de 2âƒ£ ejempla es de #UnMundoMejo EsPosible de @helfe  u #HelgaFe nÃ¡ndez y #JoaquinaRuiz - #Edito ialCÃ­ culoRojâ€¦
gabri;13:44;13/11/2019;RT @SelectaVision: ğŸš¨Â¡#SORTEO ONE PIECE ESTAMPIDA!ğŸš¨  Â¡So teamos una figu a de #Luffy + una toalla exclusiva de #OnePiece Estampida! Solo tieâ€¦
yahara;13:44;13/11/2019;RT @Heliosesvida: Â¿Te gusta Ã­a gana  una batido a amasado a pa a  eposte Ã­a ğŸ°ğŸ¥§ğŸ©ğŸª como la que apa ece en la imagen? Muy fÃ¡cil  pa a pa ticipâ€¦
Bego;13:44;13/11/2019;RT @SelectaVision: ğŸš¨Â¡#SORTEO ONE PIECE ESTAMPIDA!ğŸš¨  Â¡So teamos una figu a de #Luffy + una toalla exclusiva de #OnePiece Estampida! Solo tieâ€¦
ğŸ‡¨ğŸ‡±Nico5826ğŸ‡¨ğŸ‡±;13:44;13/11/2019;RT @P oGamesTM: ğŸ’¥ğŸ#SORTEO DE PREMIO A ELEGIR + JUEGO A ELEGIRğŸ’¥  â¡Pa a pa ticipa : Haz #RT  sigue a @P oGamesTM y a @MalakaGaming   Te mina:â€¦
Ãngel;13:44;13/11/2019;RT @EGInfo matico: Â¡NUEVO #SORTEO ğŸ!  Esta vez puedes lleva te los fantÃ¡sticos au icula es AUKEY EP-B80 ğŸ§  pa a pa ticipa  haz lo siguienteâ€¦
Rakelilla;13:43;13/11/2019;RT @CECOTECoficial: ğŸ‰Â¡NUEVO #SORTEO! Gana una #batido a Powe  Titanium 1250 W. ğŸ  â–ªï¸SÃ­guenos.  â–ªï¸Comenta mencionando a 2 amigos junto a #Ceâ€¦
JesusGiveaWays ğŸŒ¹0,1k;13:43;13/11/2019;RT @PinAltss: #SORTEO #NOCTURNO ğŸ‘»ğŸ”­  X1 CAPA OPTIFINE ğŸ  [âˆ†] REQUISITOS [âˆ†] - Da  [#FAV] ğŸ’ - Segui  a @PinAltss  - Activa  NotificaciÃ³nes ğŸ””â€¦
LA VOZ DEL FÃšTBOL;13:43;13/11/2019;RT @lavozdelfutbol2: #SORTEO  â€¢Ganate esta  eme a  et o de #Rive  en tan solo 3 pasos:  1âƒ£ Dale RT a este tweet 2âƒ£ SeguÃ­ a @lavozdelfutbol2â€¦
JiverRon;13:43;13/11/2019;RT @Rumiin_GG: ğŸ#SORTEO de una #NintendoSwitch + 2 #PokemonEspadaEscudo ğŸ  â­ï¸Uno de los #PokemonEspadaEscudo se so tea Ã¡ apa te pa a un susâ€¦
lucasFR;13:43;13/11/2019;RT @Heliosesvida: Â¿Te gusta Ã­a gana  una batido a amasado a pa a  eposte Ã­a ğŸ°ğŸ¥§ğŸ©ğŸª como la que apa ece en la imagen? Muy fÃ¡cil  pa a pa ticipâ€¦
JesusGiveaWays ğŸŒ¹0,1k;13:43;13/11/2019;RT @ysApolooo: ğŸ“¢Â¡#So teo cuenta de minec aft #p emium!ğŸŠğŸ‰  ğŸ“¢Â¡Requisitos! â¬‡ï¸  âœ…Segui  a: @ysApolooo / @E nesAltss â—ï¸  âœ…Da  #Fav [ğŸ’Ÿ] &amp  #RT [ğŸ”]â€¦
ViajesMundoaTravÃ©s;13:43;13/11/2019;F ancisco Javie  San Mateo T illes  ecibiÃ³ su p emio como GANADOR del So teo Comuniones en @fe iatubodacs . Un viajâ€¦ https://t.co/Ta3d5O8 iO
kike garcia;13:43;13/11/2019;RT @P oGamesTM: ğŸ’¥ğŸ#SORTEO DE PACK GAMINGğŸ’¥  ğŸ”¹(Teclado Cascos Mando Mouse Alfomb illa)  â¡Pa a pa ticipa : Haz RTğŸ”  Sigue: @P oGamesTM y a @gwâ€¦
JesusGiveaWays ğŸŒ¹0,1k;13:42;13/11/2019;RT @ysApolooo: ğŸ“¢Â¡#So teo cuenta de minec aft #p emium!ğŸŠğŸ‰  ğŸ“¢Â¡Requisitos! â¬‡ï¸  âœ…Segui  a: @ysApolooo/@SinosAlts &amp  @AltsC isthixn  âœ…Da  #FAV &amp â€¦
AlexResurrection ğŸ¼ğŸ¦;13:42;13/11/2019;RT @sekkyoku: âœ¨Â¡Â¡SORTEO!!âœ¨ G acias a Altaya y Planeta DeAgostini os t aemos el #SORTEO de 3 p ime as ent egas con las 3 figu as de la colecâ€¦
Kirito;13:42;13/11/2019;RT @SelectaVision: ğŸš¨Â¡#SORTEO ONE PIECE ESTAMPIDA!ğŸš¨  Â¡So teamos una figu a de #Luffy + una toalla exclusiva de #OnePiece Estampida! Solo tieâ€¦
Zplay.ZG;13:42;13/11/2019;RT @SelectaVision: ğŸš¨Â¡#SORTEO ONE PIECE ESTAMPIDA!ğŸš¨  Â¡So teamos una figu a de #Luffy + una toalla exclusiva de #OnePiece Estampida! Solo tieâ€¦
Gabriel Espino;13:42;13/11/2019;RT @EGInfo matico: Â¡NUEVO #SORTEO ğŸ!  Esta vez puedes lleva te los fantÃ¡sticos au icula es AUKEY EP-B80 ğŸ§  pa a pa ticipa  haz lo siguienteâ€¦
FPX Noinb;13:42;13/11/2019;RT @SelectaVision: ğŸš¨Â¡#SORTEO ONE PIECE ESTAMPIDA!ğŸš¨  Â¡So teamos una figu a de #Luffy + una toalla exclusiva de #OnePiece Estampida! Solo tieâ€¦
kike garcia;13:42;13/11/2019;RT @GusanitosByRisi: ğŸ’ƒ SUPERSORTEO DE UN LOTE DE GUSANITOSğŸ•º Es muy fÃ¡cil  solo tienes que:  1ï¸âƒ£  SÃ­guenos 2ï¸âƒ£  RT ğŸ” y FAV 3ï¸âƒ£  Menciona a 2â€¦
Cncowners-Decero;13:41;13/11/2019;RT @LaliEsposAO: #So teo po  un pase pa a fo ma  pa te de la t ibuna de Susana GimÃ©nez . ğŸ“Pa a pa ticipa : SeguÃ­ nuest a cuenta @laliesposaâ€¦
AleÂ®;13:41;13/11/2019;RT @SelectaVision: ğŸš¨Â¡#SORTEO ONE PIECE ESTAMPIDA!ğŸš¨  Â¡So teamos una figu a de #Luffy + una toalla exclusiva de #OnePiece Estampida! Solo tieâ€¦
